{
  "args": {
    "data": null,
    "feature_set": "j3",
    "outdir": "/scratch/cb5330/Jones_polynomial/results_j2j3_j3",
    "split_seed": 0,
    "log_target": true,
    "pop": 40,
    "gens": 40,
    "epochs": 80,
    "subsample": 0,
    "patience": 15,
    "search_seeds": 4,
    "gap_constraint": 0.01,
    "n_jobs": 32,
    "device": "cpu",
    "final_epochs": 500,
    "final_seeds": 7,
    "final_patience": 50,
    "nsga_seed": 1,
    "smoke": false
  },
  "data_sizes": {
    "train": 993,
    "val": 213,
    "test": 213
  },
  "pareto_front": [
    {
      "f1_val_mre": 0.04720020324171863,
      "f2_log10_params": 2.885926339801431,
      "n_params": 769,
      "arch": {
        "depth": 1,
        "widths": [
          16
        ],
        "activation": "relu",
        "dropout": 0.0383,
        "alpha": 4.936590537289006e-05,
        "lr": 0.009805864779422649,
        "batch_size": 128
      },
      "genome": {
        "depth": 1,
        "w0": 16,
        "w1": 37,
        "w2": 306,
        "w3": 19,
        "w4": 31,
        "w5": 154,
        "activation": "relu",
        "batch_size": 128,
        "log_alpha": -4.30657289359688,
        "log_lr": -2.0085140998676794,
        "dropout": 0.038294757252052364
      }
    },
    {
      "f1_val_mre": 0.046161779125278635,
      "f2_log10_params": 2.9370161074648142,
      "n_params": 865,
      "arch": {
        "depth": 1,
        "widths": [
          18
        ],
        "activation": "relu",
        "dropout": 0.034,
        "alpha": 4.337761499769293e-05,
        "lr": 0.008264724998529352,
        "batch_size": 128
      },
      "genome": {
        "depth": 1,
        "w0": 18,
        "w1": 259,
        "w2": 268,
        "w3": 29,
        "w4": 79,
        "w5": 210,
        "activation": "relu",
        "batch_size": 128,
        "log_alpha": -4.3627343301875685,
        "log_lr": -2.08277159261984,
        "dropout": 0.03399103180380292
      }
    },
    {
      "f1_val_mre": 0.04533271142505183,
      "f2_log10_params": 3.0038911662369108,
      "n_params": 1009,
      "arch": {
        "depth": 1,
        "widths": [
          21
        ],
        "activation": "relu",
        "dropout": 0.0202,
        "alpha": 3.5981053510585744e-06,
        "lr": 0.007614099960221806,
        "batch_size": 128
      },
      "genome": {
        "depth": 1,
        "w0": 21,
        "w1": 37,
        "w2": 405,
        "w3": 43,
        "w4": 402,
        "w5": 455,
        "activation": "relu",
        "batch_size": 128,
        "log_alpha": -5.443926124838835,
        "log_lr": -2.1183814259340794,
        "dropout": 0.020152907875968174
      }
    },
    {
      "f1_val_mre": 0.044352311926963844,
      "f2_log10_params": 3.024074987307426,
      "n_params": 1057,
      "arch": {
        "depth": 1,
        "widths": [
          22
        ],
        "activation": "relu",
        "dropout": 0.0272,
        "alpha": 1.9231369947750052e-05,
        "lr": 0.008630378717942134,
        "batch_size": 128
      },
      "genome": {
        "depth": 1,
        "w0": 22,
        "w1": 29,
        "w2": 232,
        "w3": 290,
        "w4": 34,
        "w5": 215,
        "activation": "relu",
        "batch_size": 128,
        "log_alpha": -4.715989777667042,
        "log_lr": -2.0639701461731255,
        "dropout": 0.027182104377137355
      }
    },
    {
      "f1_val_mre": 0.04107701416663578,
      "f2_log10_params": 3.0394141191761372,
      "n_params": 1095,
      "arch": {
        "depth": 2,
        "widths": [
          16,
          19
        ],
        "activation": "gelu",
        "dropout": 0.0047,
        "alpha": 7.4987039109553954e-06,
        "lr": 0.005916061318600027,
        "batch_size": 128
      },
      "genome": {
        "depth": 2,
        "w0": 16,
        "w1": 19,
        "w2": 324,
        "w3": 280,
        "w4": 487,
        "w5": 152,
        "activation": "gelu",
        "batch_size": 128,
        "log_alpha": -5.125013794336604,
        "log_lr": -2.22796733329049,
        "dropout": 0.0047079020723646385
      }
    },
    {
      "f1_val_mre": 0.0409769632862248,
      "f2_log10_params": 3.060320028688285,
      "n_params": 1149,
      "arch": {
        "depth": 2,
        "widths": [
          16,
          22
        ],
        "activation": "relu",
        "dropout": 0.0007,
        "alpha": 3.023100253747607e-05,
        "lr": 0.008355045867648514,
        "batch_size": 256
      },
      "genome": {
        "depth": 2,
        "w0": 16,
        "w1": 22,
        "w2": 328,
        "w3": 25,
        "w4": 477,
        "w5": 482,
        "activation": "relu",
        "batch_size": 256,
        "log_alpha": -4.519547450265972,
        "log_lr": -2.07805116156808,
        "dropout": 0.0006535259881778679
      }
    },
    {
      "f1_val_mre": 0.04076743587984035,
      "f2_log10_params": 3.0856472882968564,
      "n_params": 1218,
      "arch": {
        "depth": 2,
        "widths": [
          17,
          22
        ],
        "activation": "relu",
        "dropout": 0.0067,
        "alpha": 3.023100253747607e-05,
        "lr": 0.005284836045381933,
        "batch_size": 128
      },
      "genome": {
        "depth": 2,
        "w0": 17,
        "w1": 22,
        "w2": 326,
        "w3": 27,
        "w4": 52,
        "w5": 482,
        "activation": "relu",
        "batch_size": 128,
        "log_alpha": -4.519547450265972,
        "log_lr": -2.2769684815240874,
        "dropout": 0.006695189122307524
      }
    },
    {
      "f1_val_mre": 0.039912511089270714,
      "f2_log10_params": 3.153814864344529,
      "n_params": 1425,
      "arch": {
        "depth": 2,
        "widths": [
          21,
          19
        ],
        "activation": "gelu",
        "dropout": 0.0047,
        "alpha": 7.4987039109553954e-06,
        "lr": 0.005916061318600027,
        "batch_size": 128
      },
      "genome": {
        "depth": 2,
        "w0": 21,
        "w1": 19,
        "w2": 302,
        "w3": 280,
        "w4": 484,
        "w5": 152,
        "activation": "gelu",
        "batch_size": 128,
        "log_alpha": -5.125013794336604,
        "log_lr": -2.22796733329049,
        "dropout": 0.0047079020723646385
      }
    },
    {
      "f1_val_mre": 0.039503743880041485,
      "f2_log10_params": 3.227629649571009,
      "n_params": 1689,
      "arch": {
        "depth": 2,
        "widths": [
          25,
          19
        ],
        "activation": "relu",
        "dropout": 0.0002,
        "alpha": 0.00013366842317883167,
        "lr": 0.007844139096893955,
        "batch_size": 128
      },
      "genome": {
        "depth": 2,
        "w0": 25,
        "w1": 19,
        "w2": 330,
        "w3": 219,
        "w4": 467,
        "w5": 464,
        "activation": "relu",
        "batch_size": 128,
        "log_alpha": -3.8739711750780703,
        "log_lr": -2.1054547137704587,
        "dropout": 0.00018493742356651133
      }
    },
    {
      "f1_val_mre": 0.038903790014714716,
      "f2_log10_params": 3.267406418752904,
      "n_params": 1851,
      "arch": {
        "depth": 2,
        "widths": [
          16,
          61
        ],
        "activation": "gelu",
        "dropout": 0.0271,
        "alpha": 1.086486357830319e-05,
        "lr": 0.007212392854629015,
        "batch_size": 128
      },
      "genome": {
        "depth": 2,
        "w0": 16,
        "w1": 61,
        "w2": 238,
        "w3": 21,
        "w4": 77,
        "w5": 221,
        "activation": "gelu",
        "batch_size": 128,
        "log_alpha": -4.963975722409457,
        "log_lr": -2.1419206255504606,
        "dropout": 0.0270845452602494
      }
    },
    {
      "f1_val_mre": 0.03846234854851839,
      "f2_log10_params": 3.351603072419129,
      "n_params": 2247,
      "arch": {
        "depth": 2,
        "widths": [
          34,
          18
        ],
        "activation": "relu",
        "dropout": 0.0042,
        "alpha": 2.7933289450910965e-05,