{
  "arch": {
    "depth": 4,
    "widths": [
      32,
      18,
      54,
      18
    ],
    "activation": "gelu",
    "alpha": 1.0200837438254533e-06,
    "lr": 0.0064487887935045255,
    "dropout": 0.005839496983013004,
    "batch_size": 256
  },
  "seeds": [
    0,
    1,
    2,
    3,
    4,
    5,
    6
  ],
  "epochs": 500,
  "results": {
    "phase": {
      "test_mre_mean": 0.028922455081685162,
      "test_mre_std": 0.00040366578406437456,
      "test_mre_ensemble": 0.026925970976500273,
      "acc_ensemble": 0.9730740290234997,
      "acc_mean": 0.9710775449183149
    },
    "random": {
      "test_mre_mean": 0.03141220802242436,
      "test_mre_std": 0.0004671148442823124,
      "test_mre_ensemble": 0.02885671208012212,
      "acc_ensemble": 0.9711432879198779,
      "acc_mean": 0.9685877919775756
    },
    "zero": {
      "test_mre_mean": 0.02994046772880721,
      "test_mre_std": 0.0005887806206686514,
      "test_mre_ensemble": 0.02776054271323229,
      "acc_ensemble": 0.9722394572867677,
      "acc_mean": 0.9700595322711928
    }
  }
}