{
  "args": {
    "data": "/scratch/cb5330/Jones_polynomial/jones+volume.txt",
    "outdir": "/scratch/cb5330/Jones_polynomial/results",
    "split_seed": 0,
    "log_target": true,
    "pop": 40,
    "gens": 40,
    "epochs": 80,
    "subsample": 0,
    "patience": 15,
    "search_seeds": 4,
    "gap_constraint": 0.01,
    "n_jobs": 32,
    "device": "cpu",
    "final_epochs": 500,
    "final_seeds": 7,
    "final_patience": 50,
    "nsga_seed": 1,
    "smoke": false
  },
  "data_sizes": {
    "train": 9068,
    "val": 1943,
    "test": 1944
  },
  "pareto_front": [
    {
      "f1_val_mre": 0.04038466352422309,
      "f2_log10_params": 2.848189116991399,
      "n_params": 705,
      "arch": {
        "depth": 1,
        "widths": [
          16
        ],
        "activation": "gelu",
        "dropout": 0.0114,
        "alpha": 2.4472994775173922e-05,
        "lr": 0.005465028400005915,
        "batch_size": 128
      },
      "genome": {
        "depth": 1,
        "w0": 16,
        "w1": 454,
        "w2": 249,
        "w3": 428,
        "w4": 332,
        "w5": 397,
        "activation": "gelu",
        "batch_size": 128,
        "log_alpha": -4.6113128825178125,
        "log_lr": -2.262407576818797,
        "dropout": 0.011394324369980363
      }
    },
    {
      "f1_val_mre": 0.040292662714517084,
      "f2_log10_params": 2.92272545799326,
      "n_params": 837,
      "arch": {
        "depth": 1,
        "widths": [
          19
        ],
        "activation": "gelu",
        "dropout": 0.0005,
        "alpha": 2.376746915862338e-06,
        "lr": 0.006023927027670117,
        "batch_size": 256
      },
      "genome": {
        "depth": 1,
        "w0": 19,
        "w1": 82,
        "w2": 246,
        "w3": 38,
        "w4": 350,
        "w5": 359,
        "activation": "gelu",
        "batch_size": 256,
        "log_alpha": -5.624017060971102,
        "log_lr": -2.2201202977091072,
        "dropout": 0.0005171334614312312
      }
    },
    {
      "f1_val_mre": 0.035059021534329986,
      "f2_log10_params": 3.0622058088197126,
      "n_params": 1154,
      "arch": {
        "depth": 2,
        "widths": [
          19,
          16
        ],
        "activation": "gelu",
        "dropout": 0.0031,
        "alpha": 1.002116216320756e-05,
        "lr": 0.004355392122656645,
        "batch_size": 512
      },
      "genome": {
        "depth": 2,
        "w0": 19,
        "w1": 16,
        "w2": 135,
        "w3": 23,
        "w4": 343,
        "w5": 434,
        "activation": "gelu",
        "batch_size": 512,
        "log_alpha": -4.999081910025609,
        "log_lr": -2.3609727386954127,
        "dropout": 0.0031414412566665197
      }
    },
    {
      "f1_val_mre": 0.03369951579937775,
      "f2_log10_params": 3.1332194567324945,
      "n_params": 1359,
      "arch": {
        "depth": 2,
        "widths": [
          17,
          33
        ],
        "activation": "gelu",
        "dropout": 0.0035,
        "alpha": 5.7197532386889255e-05,
        "lr": 0.0029249800194721164,
        "batch_size": 128
      },
      "genome": {
        "depth": 2,
        "w0": 17,
        "w1": 33,
        "w2": 248,
        "w3": 300,
        "w4": 332,
        "w5": 398,
        "activation": "gelu",
        "batch_size": 128,
        "log_alpha": -4.242622707113866,
        "log_lr": -2.533877096235696,
        "dropout": 0.003495872507245608
      }
    },
    {
      "f1_val_mre": 0.0336736290037876,
      "f2_log10_params": 3.215637563435062,
      "n_params": 1643,
      "arch": {
        "depth": 2,
        "widths": [
          16,
          53
        ],
        "activation": "gelu",
        "dropout": 0.0005,
        "alpha": 4.283061412555405e-06,
        "lr": 0.0036511269594988053,
        "batch_size": 256
      },
      "genome": {
        "depth": 2,
        "w0": 16,
        "w1": 53,
        "w2": 330,
        "w3": 37,
        "w4": 350,
        "w5": 388,
        "activation": "gelu",
        "batch_size": 256,
        "log_alpha": -5.368245698439592,
        "log_lr": -2.4375730652011627,
        "dropout": 0.0005128255832969148
      }
    },
    {
      "f1_val_mre": 0.03306060156053037,
      "f2_log10_params": 3.2195845262142546,
      "n_params": 1658,
      "arch": {
        "depth": 2,
        "widths": [
          19,
          40
        ],
        "activation": "gelu",
        "dropout": 0.0045,
        "alpha": 1.030987203365197e-05,
        "lr": 0.003721112025432904,
        "batch_size": 128
      },
      "genome": {
        "depth": 2,
        "w0": 19,
        "w1": 40,
        "w2": 328,
        "w3": 23,
        "w4": 350,
        "w5": 434,
        "activation": "gelu",
        "batch_size": 128,
        "log_alpha": -4.986746725155253,
        "log_lr": -2.429327255188089,
        "dropout": 0.004490521201249879
      }
    },
    {
      "f1_val_mre": 0.032918021637605516,
      "f2_log10_params": 3.344588742578714,
      "n_params": 2211,
      "arch": {
        "depth": 2,
        "widths": [
          26,
          39
        ],
        "activation": "relu",
        "dropout": 0.0,
        "alpha": 5.11415766477203e-05,
        "lr": 0.0021614245094700355,
        "batch_size": 128
      },
      "genome": {
        "depth": 2,
        "w0": 26,
        "w1": 39,
        "w2": 330,
        "w3": 100,
        "w4": 331,
        "w5": 28,
        "activation": "relu",
        "batch_size": 128,
        "log_alpha": -4.291225887204288,
        "log_lr": -2.665259928158608,
        "dropout": 2.7456071469099223e-05
      }
    },
    {
      "f1_val_mre": 0.0328967138080689,
      "f2_log10_params": 3.441538038702161,
      "n_params": 2764,
      "arch": {
        "depth": 2,
        "widths": [
          35,
          34
        ],
        "activation": "gelu",
        "dropout": 0.0119,
        "alpha": 1.830453195370838e-05,
        "lr": 0.005123332661460983,
        "batch_size": 256
      },
      "genome": {
        "depth": 2,
        "w0": 35,
        "w1": 34,
        "w2": 248,
        "w3": 303,
        "w4": 24,
        "w5": 395,
        "activation": "gelu",
        "batch_size": 256,
        "log_alpha": -4.73744137153637,
        "log_lr": -2.2904474441731653,
        "dropout": 0.011934161893829773
      }
    },
    {
      "f1_val_mre": 0.03284539886086162,
      "f2_log10_params": 3.4510184521554574,
      "n_params": 2825,
      "arch": {
        "depth": 2,
        "widths": [
          28,
          54
        ],
        "activation": "gelu",
        "dropout": 0.0044,
        "alpha": 3.97694390573215e-06,
        "lr": 0.003622507583174676,
        "batch_size": 256
      },
      "genome": {
        "depth": 2,
        "w0": 28,
        "w1": 54,
        "w2": 328,
        "w3": 311,
        "w4": 29,
        "w5": 377,
        "activation": "gelu",
        "batch_size": 256,
        "log_alpha": -5.400450534637052,
        "log_lr": -2.440990696725671,
        "dropout": 0.004427185153656062
      }
    },
    {
      "f1_val_mre": 0.032491506822326516,
      "f2_log10_params": 3.544564097496043,
      "n_params": 3504,
      "arch": {
        "depth": 2,
        "widths": [
          35,
          54
        ],
        "activation": "gelu",
        "dropout": 0.0031,
        "alpha": 5.720245891481954e-06,
        "lr": 0.003622507583174676,
        "batch_size": 256
      },
      "genome": {
        "depth": 2,
        "w0": 35,
        "w1": 54,
        "w2": 248,
        "w3": 306,
        "w4": 29,
        "w5": 377,
        "activation": "gelu",
        "batch_size": 256,
        "log_alpha": -5.242585302147798,
        "log_lr": -2.440990696725671,
        "dropout": 0.0030805274433780908
      }
    },
    {
      "f1_val_mre": 0.03236646586392729,
      "f2_log10_params": 3.5491259267581112,
      "n_params": 3541,
      "arch": {
        "depth": 2,
        "widths": [
          35,
          55
        ],
        "activation": "gelu",
        "dropout": 0.0031,