{
  "arch": {
    "depth": 2,
    "widths": [
      27,
      27
    ],
    "activation": "gelu",
    "alpha": 1.956512290239538e-06,
    "lr": 0.005500247110933495,
    "dropout": 0.007411757866431275,
    "batch_size": 128
  },
  "phase_cols": [
    6,
    7,
    8,
    28,
    29,
    30
  ],
  "seeds": [
    0,
    1,
    2,
    3,
    4,
    5,
    6
  ],
  "epochs": 500,
  "results": {
    "phase": {
      "test_mre_mean": 0.02460052807937194,
      "test_mre_std": 0.001336744398529982,
      "test_mre_ensemble": 0.02084849441833232,
      "acc_ensemble": 0.9791515055816676,
      "acc_mean": 0.975399471920628
    },
    "random": {
      "test_mre_mean": 0.04090725675895409,
      "test_mre_std": 0.0025735676344028416,
      "test_mre_ensemble": 0.03544709560629052,
      "acc_ensemble": 0.9645529043937094,
      "acc_mean": 0.9590927432410459
    },
    "zero": {
      "test_mre_mean": 0.028259380900539668,
      "test_mre_std": 0.0014669229304914429,
      "test_mre_ensemble": 0.024394946701661552,
      "acc_ensemble": 0.9756050532983385,
      "acc_mean": 0.9717406190994603
    }
  }
}